Size,Thickness,Finish,Paint Type,Color,Color Effect
,,,,,
"5.25""x12'",16 Gauge,Smooth,Primed,Pure White,No Effect/Standard
"6.25""x12'",18 Gauge,Cedarmill,Statement,Alabaster,Gloss
"7.25""x12'",20 Gauge,Woodgrain,Dream,Creamy,Matte
"8.25""x12'",22 Gauge,Stucco ,Magnolia,Accessible Beige,Semi-Gloss
"9.25""x12'",24 Gauge,Sierra 8,Spectrum,Macadamia,Metallic
"12""x12'",26 Gauge,Traditional Cedar,ExpertFinish,Agreeable Gray,Mica
"16""x12'",28 Gauge,"Groove 8"" OC",Stain,Analytical Gray,Cool
"24""x8'",0.026,Cedar Texture,Rustic Series,Pewter Tankard,Anodized
"48""x8'",0.028,Brushed Smooth,Chrometallics,Morris Room Grey,Satin
"2.5""x12'",0.03,Vented,,Virtual Taupe,
"4""x12'",0.032,Fine Sand,,Anonymous,
"6""x12'",0.04,Mounded Sand,,Toile Red,
"8""x12'",0.05,Sea Grass,,Olive Grove,
"10""x12'","5/16""",V-Groove,,Connected Gray,
"12""x12'","3/8""",Shiplap,,Evergreen Fog,
4x8,"5/8""",Square Channel,,Gray Clouds,
4x9,"1/2""",Lap,,Niebla Azul,
4x10,"1/4""",,,Downing Slate,
"15.25""x4'","3/4""",,,Gale Force,
,"4/4""",,,Naval,
,"5/4""",,,Urbane Bronze,
,,,,Black Fox,
,,,,Peppercorn,
,,,,Iron Ore,
,,,,Tricorn Black,
,,,,Snowscape White,
,,,,Sand Dunes,
,,,,Desert Stone,
,,,,Quarry Gray,
,,,,Prairie Clay,
,,,,Terra Brown,
,,,,Harvest Honey,
,,,,Timberland Suede,
,,,,Garden Sage,
,,,,Redwood Red,
,,,,Tundra Gray,
,,,,Summit Blue,
,,,,Rapids Blue,
,,,,Cavern Steel,
,,,,Midnight Shadow,
,,,,Abyss Black,
,,,,Arctic White,
,,,,Boothbay Blue,
,,,,Iron Gray,
,,,,Gray Slate,
,,,,Cobblestone,
,,,,Navajo Beige,
,,,,Evening Blue,
,,,,Aged Pewter,
,,,,Khaki Brown,
,,,,Night Gray,
,,,,Monteray Taupe,
,,,,Timber Bark,
,,,,Mountain Sage,
,,,,Pearl Gray,
,,,,Light Mist,
,,,,Birch Tree,
,,,,Chiseled Green,
,,,,Wandering Green,
,,,,Weathered Cliffs,
,,,,Rustic Road,
,,,,Mudflats,
,,,,Slate Steps,
,,,,Rugged Path,
,,,,It's About Thyme,
,,,,Peppery Ash,
,,,,Last Embers,
,,,,Stone Beach,
,,,,Stone Paver,
,,,,Midnight Soot,
,,,,Warm Clay,
,,,,Dried Eucalyptus,
,,,,White Rapids,
,,,,White Granite,
,,,,Sand Castle,
,,,,Cascade Slate,
,,,,Coastal Gray,
,,,,Caribou Trails,
,,,,River Rock,
,,,,Summer Wheat,
,,,,Winchester Brown,
,,,,Aspen Ridge,
,,,,Mountain Cedar,
,,,,Old Cherry,
,,,,Warm Espresso,
,,,,Roasted Walnut,
,,,,Midnight Tide,
,,,,Black Canyon,
,,,,Rosewood,
,,,,Stone Blue,
,,,,Silver Sand,
,,,,Mystic Ash,
,,,,Starry Night,
,,,,Black Magic,
,,,,Gold Dust,
,,,,Copper Moon,
,,,,Burnt Amber,
,,,,,
,,,,,
,,,,,
,,,,,
,,,,,
,,,,,
,,,,,
,,,,,
,,,,,
,,,,,
,,,,,
,,,,,
,,,,,
,,,,,
,,,,,
